TITULO,URL,Feha
"KAROL G, Shakira - TQG (Official Video) - YouTube",https://www.youtube.com/watch?v=jZGpkLElSu8,Hace 1 mes
Bad Bunny ft. Bomba Estéreo - Ojitos Lindos (Video Oficial),https://www.youtube.com/watch?v=wAjHQXrIj9o,14 feb 2023
KAROL G - Mientras Me Curo Del Cora (Official Video),https://www.youtube.com/watch?v=37wmW9kYAlQ,Hace 1 mes
Cómo se cosifica a las mujeres en los vídeos musicales,https://theconversation.com/como-se-cosifica-a-las-mujeres-en-los-videos-musicales-201811,Hace 1 día
Policía revela videos del enfrentamiento con el ... - YouTube,https://www.youtube.com/watch?v=LvCHVkXaDoI,Hace 7 horas
Blippi Español | Videos Educativos para niños - YouTube,https://www.youtube.com/watch?v=5RSuBBRwvg4,Hace 1 día
ROSALÍA - DESPECHÁ (Official Video) - YouTube,https://www.youtube.com/watch?v=5g2hT4GmAGU,10 ago 2022
"ROSALÍA, Rauw Alejandro - BESO (Official Video) - YouTube",https://www.youtube.com/watch?v=QXQQAsIhHMw,Hace 3 semanas
Policía revela videos del enfrentamiento con el atacante de ...,https://cnnespanol.cnn.com/video/policia-kentucky-revela-videos-tiroteo-louisville-dig-dusa/,Hace 8 horas
Renta 2022 - Casilla 505 y obtención de referencia,https://sede.agenciatributaria.gob.es/Sede/rentaweb2022/videos.html,Hace 2 semanas
TINI - Cupido (Video Oficial) - YouTube,https://www.youtube.com/watch?v=4k1fm6YNsg8,14 feb 2023
Bad Bunny - Neverita (Official Video) | Un Verano Sin Ti,https://www.youtube.com/watch?v=ARWg160eaX4,22 ago 2022
Aprende con Blippi | Videos educativos para niños - YouTube,https://www.youtube.com/watch?v=n7Fk4ydtgiU,30 dic 2022
EN VIVO: Sheriff Labrador | Videos para Niños - YouTube,https://www.youtube.com/watch?v=GWSoEXtiN4w,
EN VIVO: A Jugar con JoJo | Vídeos Para Niños - YouTube,https://www.youtube.com/watch?v=A4kNNi2ddQk,
Aitana - Los Ángeles (Video Oficial) - YouTube,https://www.youtube.com/watch?v=XUctUGKs1Sc,Hace 2 semanas
DUKI - Si Me Sobrara el Tiempo (Video Oficial) - YouTube,https://www.youtube.com/watch?v=Ez2j2qhAl9g,Hace 1 mes
Rauw Alejandro - QUE RICO CH**NGAMOS (Official Video),https://www.youtube.com/watch?v=SRPjb9UbaRM,Hace 1 mes
Videos de domelipa (@domelipa) con «sonido original - TikTok,https://www.tiktok.com/@domelipa/video/7220595298647805189,Hace 55 minutos
Monstruo Ama el Agua del Baño | Videos para Niños - YouTube,https://www.youtube.com/watch?v=P7kPg8gEJKg,Hace 1 semana
ROSALÍA - LLYLM (Official Lyric Video) - YouTube,https://www.youtube.com/watch?v=rPG4XX_X9rs,27 ene 2023
Jay Wheeler - SOS (Official Video) - YouTube,https://www.youtube.com/watch?v=LQIm0ItSQh8,3 feb 2023
Agencia Española de Protección de Datos - YouTube,https://www.youtube.com/channel/UCdKb1SWpT_D0bdqd-9BwLBw,
Publican videos de los agentes que respondieron al tiroteo en ...,https://www.youtube.com/watch?v=fExmMR5Iv7I,Hace 10 horas
Bad Bunny - Tití Me Preguntó (Official Video) | Un Verano Sin Ti,https://www.youtube.com/watch?v=Cr8K88UcO0s,1 jun 2022
Compilación de Sheriff Labrador | BabyBus en Español,https://www.youtube.com/watch?v=cfClCi4jGRE,Hace 3 semanas
Rauw Alejandro - RON COLA (Official Video) - YouTube,https://www.youtube.com/watch?v=wjJKYwMSRAo,28 dic 2022
Subir vídeos a YouTube - Android,https://support.google.com/youtube/answer/57407?hl=es&co=GENIE.Platform%3DAndroid,20 jun 2013
Nicki Nicole - NO voy a llorar :') (Official Video) - YouTube,https://www.youtube.com/watch?v=_R_yjcw7pk8,Hace 1 mes
Maluma - La Reina (Official Video) - YouTube,https://www.youtube.com/watch?v=VFKu6QBbOa4,Hace 1 mes
¿Se burlan del Madrid? El vídeo de Setién emulando a ...,https://as.com/futbol/videos/se-jactan-del-madrid-el-video-de-setien-emulando-a-ancelotti-que-levanta-polemica-v/,Hace 3 días
El vídeo de Vox de Ortega Smith encarándose con un okupa,https://videos.elmundo.es/v/0_ydk5spra-el-video-de-vox-de-ortega-smith-encarandose-con-un-okupa-ponte-a-trabajar,Hace 12 horas
"Camilo, Camila Cabello - Ambulancia (Official Video) - YouTube",https://www.youtube.com/watch?v=kmkZnLfsu3U,24 ene 2023
Sebastián Yatra - Una Noche Sin Pensar (Official Video),https://www.youtube.com/watch?v=QyY5EtJsVhE,Hace 1 mes
Becky G - Arranca (Official Video) ft. Omega - YouTube,https://www.youtube.com/watch?v=sCEV3YzPCnw,Hace 1 mes
Vídeos | AEPD,https://www.aepd.es/es/guias-y-herramientas/videos,Hace 2 semanas
"Yandel, Feid - Yandel 150 (Video Oficial) - YouTube",https://www.youtube.com/watch?v=WHejvUhX6rk,20 dic 2022
¿Qué sigue para la IA? Los videos instantáneos serían el futuro,https://www.nytimes.com/es/2023/04/10/espanol/inteligencia-artificial-generativa-videos.html,Hace 1 día
Daddy Yankee & Snow - Con Calma (Official Video) - YouTube,https://www.youtube.com/watch?v=DiItGE3eAyQ,24 ene 2019
El tiempo para el Domingo de Pascua - The Weather Channel,https://weather.com/es-US/espanol/videos/video/el-tiempo-para-el-domingo-de-pascua,Hace 4 días
Abrimos la caja secreta y misteriosa de paw patrol ... - YouTube,https://www.youtube.com/watch?v=mQmrJSFpfYY,Hace 15 horas
Emilia - Underground (Official Video) - YouTube,https://www.youtube.com/watch?v=STsVhXKLkwc,18 nov 2022
Romeo Santos - Solo Conmigo (Official Video) - YouTube,https://www.youtube.com/watch?v=69ppp5Ipook,17 ene 2023
Editor de videos online gratis - Canva,https://www.canva.com/es_es/videos/,22 dic 2021
Sheriff Labrador | Videos para Niños | BabyBus en Español,https://www.youtube.com/watch?v=uLG2fFQbJsc,Hace 1 mes
SHAKIRA || BZRP Music Sessions #53 - YouTube,https://www.youtube.com/watch?v=CocEMWdc7Ck,12 ene 2023
El Kun Agüero asegura que tiene el vídeo del puñetazo de ...,https://as.com/meristation/videos/el-kun-aguero-asegura-que-tiene-el-video-del-punetazo-de-valverde-a-baena-y-luego-pone-esto-v/,Hace 1 día
Plataforma de experiencias de video - Vimeo,https://vimeo.com/es/,2 ago 2011
Carlos Rivera - Sincerándome (Video Oficial) - YouTube,https://www.youtube.com/watch?v=JCZQXXrDEBc,Hace 1 mes
Feid - Remix Exclusivo (Official Video) - YouTube,https://www.youtube.com/watch?v=UeChs_E7QnE,Hace 4 semanas
Vídeo | ¿Cómo se está armando Asia y el Pacífico? - El País,https://elpais.com/videos/2023-04-11/video-como-se-esta-armando-asia-y-el-pacifico.html,Hace 18 horas
Lucy es tan hermosa como una flor | Videos Para Niños,https://www.youtube.com/watch?v=2_KuqVtzoaM,Hace 1 día
Mira la erupción de volcán en Rusia - The Weather Channel,https://weather.com/es-US/espanol/videos/video/mira-la-erupcion-de-volcan-en-rusia,Hace 15 horas
¿Qué pasaría si Wolfoo fuera adoptado por una familia de ...,https://www.youtube.com/watch?v=NtJ1KDNe2ak,Hace 11 horas
Baja presión traerá lluvia al sur - Videos de The Weather ...,https://weather.com/es-US/espanol/videos/video/baja-presion-traera-lluvia-al-sur,Hace 1 día
Videos de archivo libres de regalías - Envato Elements,https://elements.envato.com/es/stock-video,12 dic 2018
Hazte notar con un video auténtico y fresco - Shutterstock,https://www.shutterstock.com/es/video,31 dic 2022
Me Encantan las Verduras | Videos para Niños - YouTube,https://www.youtube.com/watch?v=FQ3utUHQpNA,Hace 3 semanas
DUKI - Antes de Perderte (Video Oficial) - YouTube,https://www.youtube.com/watch?v=_zmjCoWvXYg,3 jun 2022
Maria Becerra - DESAFIANDO EL DESTINO (Official Video),https://www.youtube.com/watch?v=IQ4WGexuxIo,13 ene 2023
"ROSALÍA, J Balvin - Con Altura (Official Video) ft. El Guincho",https://www.youtube.com/watch?v=p7bfOZek9t4,28 mar 2019
"Anuel AA, Treintisiete, Yailin La Mas Viral - Del Kilo ... - YouTube",https://www.youtube.com/watch?v=tTQHVseaH8A,4 ene 2023
Prácticas recomendadas de SEO para videos | Documentación,https://developers.google.com/search/docs/appearance/video?hl=es-419,17 mar 2021
Placentera hemorragia de Duda | Vídeos | EL PAÍS,https://elpais.com/videos/2023-04-10/placentera-hemorragia-de-duda.html,Hace 1 día
Ana Mena - Un Clásico (Video Oficial) - YouTube,https://www.youtube.com/watch?v=o3L7U7hjkxo,20 ene 2023
Video: El impresionante entrenamiento de Camavinga - AS USA,https://us.as.com/videos/video-el-impresionante-entrenamiento-de-camavinga-v/,Hace 3 días
LEJOS DEL CIELO - Rauw Alejandro (Official Video) - YouTube,https://www.youtube.com/watch?v=GnOmOBFNv_g,10 nov 2022
Cómo se cosifica a las mujeres en los vídeos musicales,https://www.elcorreo.com/sociedad/miren-gutierrez-cosifica-mujeres-videos-musicales-20230411074446-ntrc.html,Hace 1 día
Camilo - Aeropuerto (Official Video) - YouTube,https://www.youtube.com/watch?v=Th8w0u_bV6w,7 sept 2022
Vídeo | ¿Qué razones pueden provocar un cambio en el voto ...,https://elpais.com/videos/2023-04-10/video-que-razones-pueden-provocar-un-cambio-en-el-voto-que-mueva-las-encuestas.html,Hace 2 días
Video: Por segunda vez consecutiva se escucha el grito de ...,https://us.as.com/videos/video-por-segunda-vez-consecutiva-se-escucha-el-grito-de-messi-en-el-camp-nou-v/,Hace 1 día
"Ozuna, Feid - Hey Mor (Video Oficial) | Ozutochi - YouTube",https://www.youtube.com/watch?v=7ouFkoU8Ap8,13 oct 2022
"Ana Mena, Natalia Lacunza - Me He Pillao x Ti (Video Oficial)",https://www.youtube.com/watch?v=fg_Td9Z3kaQ,Hace 1 mes
En medio de la polémica Mina Bonino sube este vídeo de ...,https://as.com/tikitakas/videos/en-medio-de-la-polemica-mina-bonino-sube-este-video-de-valverde-con-su-hijo-v/,Hace 1 día
"Robert Siboldi, de ser insultado por Guido Pizarro a dirigirlo ...",https://www.mundodeportivo.com/us/videos/20230410/355977/robert-siboldi-insultado-guido-pizarro-dirigirlo-tigres.html,Hace 1 día
Video | National Geographic,https://www.nationalgeographic.es/video,8 feb 2022
"TINI, Tiago PZK - El Último Beso (Video Oficial) - YouTube",https://www.youtube.com/watch?v=e3-mshY5k6U,16 sept 2022
Grupo Frontera x Grupo Marca Registrada - Di Que Si (Video ...,https://www.youtube.com/watch?v=jJAo2cn1IC0,10 feb 2023
DUKI - GIVENCHY (Video Oficial) - YouTube,https://www.youtube.com/watch?v=ymvYySd_P2E,21 jul 2022
Me Porto Bonito (Official Video) | Un Verano Sin Ti - YouTube,https://www.youtube.com/watch?v=saGYMhApaH8,20 jun 2022
UFC 287: Adesanya se burla del hijo de Alex Pereira tras su ...,https://www.mundodeportivo.com/us/videos/20230411/360086/ufc-287-adesanya-burla-hijo-alex-pereira-espectacular-ko.html,Hace 18 horas
"Yandel, Wisin - Te Gusta (Video Oficial) | Resistencia - YouTube",https://www.youtube.com/watch?v=DnqclpbgARI,13 ene 2023
"Mora, Jhay Cortez - MEMORIAS (Video Oficial) | MICRODOSIS",https://www.youtube.com/watch?v=hoWI-y21ttw,15 jun 2022
Carlos Vives - La Historia (Official Video) - YouTube,https://www.youtube.com/watch?v=kc3luiNzwnA,10 feb 2023
‍♂️FFAA DERROTADAS POR LA VERDAD! Videos ...,https://www.youtube.com/watch?v=nAyqkJvyKKQ,Hace 1 día
"KAROL G, Ovy On The Drums - Cairo (Official Video) - YouTube",https://www.youtube.com/watch?v=Z02zptUN8gI,13 nov 2022
"Arcangel, Bad Bunny - La Jumpa (Video Oficial) | SR. SANTOS",https://www.youtube.com/watch?v=ubbE6gyBf8k,2 feb 2023
Maka - Todo Mentira (Video Oficial) - YouTube,https://www.youtube.com/watch?v=hcclQoYFonk,Hace 1 mes
Descubra y descargue vídeos gratuitos - Pixabay,https://pixabay.com/es/videos/search/,22 feb 2019
ROSALÍA - LA FAMA (Official Video) ft. The Weeknd - YouTube,https://www.youtube.com/watch?v=e-CEd6xrRQc,11 nov 2021
"KAROL G, Maldy - Gatúbela (Official Video) - YouTube",https://www.youtube.com/watch?v=SK37InR9j38,26 ago 2022
Bad Bunny - Moscow Mule (Official Video) | Un Verano Sin Ti,https://www.youtube.com/watch?v=p38WgakuYDo,6 may 2022
Maka - Te Comía (Video Oficial) - YouTube,https://www.youtube.com/watch?v=TpVwh8UlYWM,27 ene 2023
"Maluma, Marc Anthony - La Fórmula (Official Video) - YouTube",https://www.youtube.com/watch?v=4AtEVbfMVk8,2 feb 2023
El vídeo viral de Victoria y David Beckham bailando salsa,https://videos.marca.com/v/0_no8a5pfd-el-video-viral-de-victoria-y-david-beckham-bailando-salsa,Hace 6 días
Canción de Granja | Videos para Niños | BabyBus en Español,https://www.youtube.com/watch?v=YWAJF8esH4s,15 ene 2023
Cris MJ - Mi Facha [Official Music Video] - YouTube,https://www.youtube.com/watch?v=NIGgXN7YMM4,26 ene 2023
"Anuel AA, Kodak Black & Ñengo Flow - Sufro (Video Oficial)",https://www.youtube.com/watch?v=WFvpLGjv9ig,27 dic 2022
Nicki Nicole - Frío (Official Video) - YouTube,https://www.youtube.com/watch?v=BDQSaJNqjmY,24 nov 2022
Video Feroz de la Semana - The Weather Channel,https://weather.com/es-US/espanol/videos/video/video-feroz-de-la-semana-0,Hace 4 días
